sku,descripcion,categoria,volumen_total,semanas,wmape_sem_%,wmape_mes_%,mape_sem_%,mae_sem,n_pts_sem,n_meses
410010185,SOPA INST. CARNE TRAVERSO 12x65 POTE,SOPAS,500067,210,45.66,45.66,95.27,883.4,24,3
430010185,SOPA INST. POLLO TRAVERSO 12x65 POTE,SOPAS,499018,207,37.29,18.63,79.43,800.6,24,3
260010105,MOSTAZA TRAVERSO 10x1000 BOLSA,SALSAS,367581,210,14.48,8.2,47.18,247.4,24,3
121010290,JUGO LIMON TRAVERSO 30x500 PET,JUGO DE LIMON,326311,210,31.18,16.24,53.76,431.3,24,3
250010105,KETCHUP TRAVERSO 10x1000 BOLSA,SALSAS,291734,210,15.77,11.75,40.92,254.5,24,3
260010115,MOSTAZA TRAVERSO 12x1000 DOYPACK,SALSAS,208927,210,34.91,21.41,70.1,329.2,24,3
121010175,JUGO LIMON TRAVERSO 12x500 PET,JUGO DE LIMON,201923,210,45.56,33.34,388.88,325.3,24,3
121010320,JUGO LIMON TRAVERSO 4x5000 PET,JUGO DE LIMON,191772,210,28.58,12.5,170.05,199.0,24,3
210010495,AJI CREMA TRAVERSO 300x8 SACHET,SALSAS,190239,209,37.58,23.27,64.36,217.7,24,3
250010115,KETCHUP TRAVERSO 12x1000 DOYPACK,SALSAS,184746,210,27.04,12.66,41.14,208.9,24,3
111010290,VINAGRE BLANCO TRAVERSO 30x500 PET,VINAGRES,183315,210,38.79,38.1,73.42,214.8,24,3
121010210,JUGO LIMON TRAVERSO 20x1000 PET,JUGO DE LIMON,182880,210,26.13,25.21,62.02,152.0,24,3
113010290,VINAGRE MANZANA TRAVERSO 30x500 PET,VINAGRES,180625,210,26.27,14.01,28.04,205.4,24,3
112010290,VINAGRE ROSADO TRAVERSO 30x500 PET,VINAGRES,165830,210,22.15,8.05,29.88,150.7,24,3
210010105,AJI CREMA TRAVERSO 10x1000 BOLSA,SALSAS,148387,210,25.59,20.12,78.05,212.9,24,3
500170200,SALSA SOYA BALDE KIKKOMAN 1x18900 BALDE,KIKKOMAN,143777,191,116.34,9.05,740.22,713.9,24,3
440010185,SOPA INST. VEGETALES TRAVERSO 12x65 POTE,SOPAS,128148,210,72.7,55.44,324.1,329.8,24,3
114010290,VINAGRE INCOLORO TRAVERSO 30x500 PET,VINAGRES,120021,210,31.04,22.92,40.49,265.5,24,3
260010495,MOSTAZA TRAVERSO 300x8 SACHET,SALSAS,119950,210,60.53,58.82,63.39,419.2,24,3
121010115,JUGO LIMON TRAVERSO 12x1000 PET,JUGO DE LIMON,117571,210,45.01,34.85,173.05,220.2,24,3
420010185,SOPA INST. CAMARON TRAVERSO 12x65 POTE,SOPAS,116226,207,110.68,103.28,384.02,338.0,24,3
111010320,VINAGRE BLANCO TRAVERSO 4x5000 PET,VINAGRES,114430,210,37.53,13.51,110.69,195.7,24,3
260010265,MOSTAZA TRAVERSO 24x350 PET,SALSAS,108575,210,37.21,32.81,42.0,161.2,24,3
260010175,MOSTAZA TRAVERSO 12x500 DOYPACK,SALSAS,106393,210,22.01,11.34,71.63,90.9,24,3
111010175,VINAGRE BLANCO TRAVERSO 12x500 PET,VINAGRES,104291,209,37.23,22.02,43.48,196.7,24,3
250010495,KETCHUP TRAVERSO 300x8 SACHET,SALSAS,103926,209,68.25,66.41,76.3,498.2,24,3
111010210,VINAGRE BLANCO TRAVERSO 20x1000 PET,VINAGRES,98961,210,33.53,25.28,71.6,106.5,24,3
270010495,MAYONESA TRAVERSO 300x8 SACHET,MAYONESA,90856,122,60.43,53.42,187.33,532.2,24,3
261010110,MOSTAZA SUAVE VINTAGE TRAVERSO 10x450 PET,SALSAS,84567,210,46.33,21.08,581.0,170.1,24,3
250010175,KETCHUP TRAVERSO 12x500 DOYPACK,SALSAS,77953,210,18.28,11.14,61.58,55.3,24,3
112010210,VINAGRE ROSADO TRAVERSO 20x1000 PET,VINAGRES,77291,210,22.75,16.27,46.71,74.3,24,3
112010175,VINAGRE ROSADO TRAVERSO 12x500 PET,VINAGRES,76266,209,57.94,31.2,77.67,203.5,24,3
350010325,PICKLES TRAVERSO 6x1000 BOLSA,ENCURTIDOS,76039,210,21.67,10.71,81.57,78.7,24,3
330010325,CHUCRUT TRAVERSO 6x1000 BOLSA,ENCURTIDOS,71025,210,42.04,13.74,229.1,146.2,24,3
330010235,CHUCRUT TRAVERSO 24x200 BOTTOMBAG,ENCURTIDOS,70457,210,27.58,8.19,59.71,99.9,24,3
112010320,VINAGRE ROSADO TRAVERSO 4x5000 PET,VINAGRES,69483,210,25.78,7.36,136.96,89.3,24,3
122010290,JUGO LIMON PICA TRAVERSO 30x500 PET,JUGO DE LIMON,67040,210,37.67,19.49,214.33,66.8,24,3
141010255,SALSA SOYA TRAVERSO 24x250 PET,SOYA,64993,210,32.18,19.95,86.13,143.1,24,3
360010255,SALSA AMERICANA TRAVERSO 24x200 BOTTOMBAG,ENCURTIDOS,64936,210,30.04,19.9,90.61,96.7,24,3
270010555,MAYONESA TRAVERSO 12x700 DOYPACK,MAYONESA,64936,185,48.35,40.98,85.3,80.0,24,3
115014340,ACETO BALSAMICO IMPERATORE 6x500 VIDRIO,VINAGRES,64342,205,40.87,23.45,1301.15,121.8,24,3
210010265,AJI CREMA TRAVERSO 24x350 PET,SALSAS,63227,210,45.25,12.45,94.81,98.2,24,3
151010330,ESENCIA VAINILLA TRAVERSO 6x250 PET,ESENCIAS,62305,210,30.72,20.19,80.23,99.9,24,3
270010550,MAYONESA TRAVERSO 10x900 DOYPACK,MAYONESA,61954,185,42.1,38.08,36.04,74.2,24,3
250010110,KETCHUP VINTAGE TRAVERSO 10x450 PET,SALSAS,61252,210,31.36,13.91,73.28,73.2,24,3
113010210,VINAGRE MANZANA TRAVERSO 20x1000 PET,VINAGRES,59648,210,19.45,12.66,92.36,41.4,24,3
141010210,SALSA SOYA TRAVERSO 20x1000 PET,SOYA,58659,210,23.84,21.77,58.86,75.5,24,3
113010175,VINAGRE MANZANA TRAVERSO 12x500 PET,VINAGRES,58124,209,36.1,18.08,46.32,124.6,24,3
118017340,VINAGRE MANZANA ORGANICO VITTA 6x500 VIDRIO,VINAGRES,57799,205,22.04,7.93,602.36,63.1,24,3
111010115,VINAGRE BLANCO TRAVERSO 12x1000 PET,VINAGRES,55480,210,46.68,19.02,143.07,98.3,24,3
270010485,MAYONESA CASERA VINTAGE TRAVERSO 10x425 PET,MAYONESA,55229,208,46.61,45.62,61.17,102.4,24,3
350010235,PICKLES TRAVERSO 24x200 BOTTOMBAG,ENCURTIDOS,50314,209,18.19,5.5,42.01,40.4,24,3
410010585,FIDEOS INST. SACHET SABOR CARNE24x85 SACHET,SOPAS,50261,121,38.86,4.3,62.46,200.2,24,3
121010255,JUGO LIMON TRAVERSO 24x250 PET,JUGO DE LIMON,49838,210,91.05,90.99,270.59,100.2,24,3
141010175,SALSA SOYA TRAVERSO 12x500 VIDRIO,SOYA,49573,208,253.11,251.22,470.19,113.7,24,3
360010325,SALSA AMERICANA TRAVERSO 6x1000 BOLSA,ENCURTIDOS,49097,210,37.67,22.07,1037.58,97.7,24,3
430010585,FIDEOS INST. SACHET SABOR POLLO 24x85 SACHET,SOPAS,48683,117,36.51,6.29,92.82,178.0,24,3
141010176,SALSA SOYA TRAVERSO 12x500 PET,SOYA,47340,210,37.95,22.56,133.33,136.7,24,3
123010160,JUGO LIMON 60% TRAVERSO 12x320 PET,JUGO DE LIMON,45679,207,39.34,18.05,41.82,65.4,24,3
141010320,SALSA SOYA TRAVERSO 4x5000 PET,SOYA,45036,210,34.3,18.05,236.75,86.2,24,3
280010256,BI PACK COMPLEPACK TRAVERSO 12x2x240 PACK,SALSAS,44569,210,44.97,26.0,1055.87,75.8,24,3
141010160,SALSA SOYA TRAVERSO 12x320 PET,SOYA,44461,210,297.57,297.5,852.77,161.4,24,3
341010235,PEPINILLO TRAVERSO 24x200 BOTTOMBAG,ENCURTIDOS,43321,210,40.38,30.56,48.29,84.7,24,3
220010265,AJI PEBRE TRAVERSO 24x350 PET,SALSAS,42967,210,65.05,55.07,182.9,78.1,24,3
262010110,MOSTAZA FUERTE VINTAGE TRAVERSO 10x450 PET,SALSAS,41872,210,46.02,25.32,222.86,91.4,24,3
112010115,VINAGRE ROSADO TRAVERSO 12x1000 PET,VINAGRES,41819,209,62.82,51.48,88.4,166.2,24,3
121010560,JUGO LIMON TRAVERSO 24x700 PET,JUGO DE LIMON,41536,97,246.69,101.02,90.8,59.2,24,2
280010253,TRI PACK FIESTA TRAVERSO 8x3x240 PACK,SALSAS,40313,208,31.37,17.74,159.64,18.4,24,3
460010185,SOPA INST. QUESO TRAVERSO 12x65 POTE,SOPAS,39489,133,65.02,37.61,202.05,190.2,24,3
141033175,SALSA SOYA CUISINE &CO 12x500 VIDRIO,SOYA,39019,170,63.47,44.09,171.56,113.3,24,3
111033290,VINAGRE BLANCO CUISINE &CO 30x500 PET,VINAGRES,38730,194,45.54,35.18,76.05,102.9,24,3
210010110,AJI CREMA VINTAGE TRAVERSO 10x450 PET,SALSAS,37637,210,49.08,15.15,648.93,74.5,24,3
260010100,MOSTAZA TRAVERSO 108x100 SACHET,SALSAS,36370,210,48.95,24.17,119.3,64.8,24,3
250010100,KETCHUP TRAVERSO 108x100 SACHET,SALSAS,35566,210,37.79,18.24,204.66,45.2,24,3
121012290,JUGO LIMON FRESCOLIM 30x500 PET,JUGO DE LIMON,34457,210,58.62,36.78,217.1,107.6,24,3
130410320,JUGO FRUTILLA TRAVERSO 4x5000 PET,JUGOS CONCENTRADOS,34207,210,49.84,21.95,432.8,49.6,24,3
123010260,JUGO LIMON 60% TRAVERSO 24x320 PET,JUGO DE LIMON,33305,210,67.25,58.76,497.48,79.7,24,3
113010320,VINAGRE MANZANA TRAVERSO 4x5000 PET,VINAGRES,32515,210,83.13,33.05,258.73,106.9,24,3
130410195,JUGO FRUTILLA TRAVERSO 12x900 PET,JUGOS CONCENTRADOS,32488,210,96.17,82.34,264.63,56.7,24,3
113010255,VINAGRE MANZANA TRAVERSO 24x250 PET,VINAGRES,32291,209,42.62,28.55,83.49,51.0,24,3
115014175,ACETO BALSAMICO IMPERATORE 12x500 VIDRIO,VINAGRES,32055,202,31.07,21.45,784.51,51.6,24,3
130810195,JUGO NARANJA TRAVERSO 12x900 PET,JUGOS CONCENTRADOS,31911,209,117.11,85.08,200.27,84.5,24,3
130910320,JUGO PIÑA TRAVERSO 4x5000 PET,JUGOS CONCENTRADOS,31729,210,39.13,14.75,228.84,37.6,24,3
111010255,VINAGRE BLANCO TRAVERSO 24x250 PET,VINAGRES,31450,209,42.62,39.07,52.26,54.0,24,3
113033290,VINAGRE MANZANA CUISINE &CO 30x500 PET,VINAGRES,31068,190,58.14,49.5,60.16,92.1,24,3
250033115,KETCHUP CUISINE &CO 12x1000 DOYPACK,SALSAS,29181,168,74.43,71.6,62.05,74.0,24,3
260010240,MOSTAZA TRAVERSO 24x240 PET,SALSAS,28993,210,27.23,15.07,69.21,37.6,24,3
114010600,VINAGRE INCOLORO TRAVERSO 4x3000 PET,VINAGRES,28988,84,78.73,76.94,80.17,505.6,24,3
121033290,JUGO LIMON CUISINE &CO 30x500 PET,JUGO DE LIMON,28625,189,65.16,55.04,137.45,94.6,24,3
221010110,AJI PEBRE VINTAGE TRAVERSO 10x450 PET,SALSAS,28480,210,31.88,26.52,40.17,32.3,24,3
121013320,JUGO LIMON HIGUERAS 4x5000 PET,JUGO DE LIMON,28346,209,60.24,49.19,176.23,136.2,24,3
440010585,FIDEOS INST. SACHET SABOR VERDURAS 24X85 SACH,SOPAS,28302,123,100.0,100.0,100.0,236.8,24,3
115014150,ACETO BALSAMICO REAL IMPERATORE 12x250 VIDRIO,VINAGRES,28183,209,63.61,35.57,965.71,72.9,24,3
260010255,MOSTAZA TRAVERSO 24x250 DOYPACK,SALSAS,27746,210,34.53,16.03,115.12,35.4,24,3
113110175,VINAGRE DE MANZANA SIN FILTRAR TRAVERSO 12x50,VINAGRES,27452,165,41.94,25.07,85.23,72.9,24,3
250033175,KETCHUP CUISINE &CO 12x500 DOYPACK,SALSAS,26753,151,68.84,56.38,64.26,68.8,24,3
121012320,JUGO LIMON FRESCOLIM 4x5000 PET,JUGO DE LIMON,26558,208,144.58,144.58,438.82,98.7,24,3
210010250,AJI CREMA TRAVERSO 24x240 PET,SALSAS,26135,208,28.32,16.79,192.45,34.1,24,3
121010300,JUGO LIMON TRAVERSO 48x250 PET,JUGO DE LIMON,25783,209,38.61,7.93,102.79,17.1,24,3
130810320,JUGO NARANJA TRAVERSO 4x5000 PET,JUGOS CONCENTRADOS,25599,210,34.15,24.29,91.38,33.5,24,3
